날짜,남중고도
2016-01-01,31
2016-01-02,31
2016-01-03,31
2016-01-04,31
2016-01-05,31
2016-01-06,31
2016-01-07,31
2016-01-08,31
2016-01-09,31
2016-01-10,32
2016-01-11,32
2016-01-12,32
2016-01-13,32
2016-01-14,32
2016-01-15,32
2016-01-16,33
2016-01-17,33
2016-01-18,33
2016-01-19,33
2016-01-20,33
2016-01-21,34
2016-01-22,34
2016-01-23,34
2016-01-24,34
2016-01-25,35
2016-01-26,35
2016-01-27,35
2016-01-28,35
2016-01-29,36
2016-01-30,36
2016-01-31,36
2016-02-01,36
2016-02-02,37
2016-02-03,37
2016-02-04,37
2016-02-05,38
2016-02-06,38
2016-02-07,38
2016-02-08,38
2016-02-09,39
2016-02-10,39
2016-02-11,39
2016-02-12,40
2016-02-13,40
2016-02-14,40
2016-02-15,41
2016-02-16,41
2016-02-17,41
2016-02-18,42
2016-02-19,42
2016-02-20,42
2016-02-21,43
2016-02-22,43
2016-02-23,44
2016-02-24,44
2016-02-25,44
2016-02-26,45
2016-02-27,45
2016-02-28,45
2016-02-29,46
2016-03-01,46
2016-03-02,47
2016-03-03,47
2016-03-04,47
2016-03-05,48
2016-03-06,48
2016-03-07,49
2016-03-08,49
2016-03-09,49
2016-03-10,50
2016-03-11,50
2016-03-12,50
2016-03-13,51
2016-03-14,51
2016-03-15,52
2016-03-16,52
2016-03-17,52
2016-03-18,53
2016-03-19,53
2016-03-20,54
2016-03-21,54
2016-03-22,54
2016-03-23,55
2016-03-24,55
2016-03-25,56
2016-03-26,56
2016-03-27,56
2016-03-28,57
2016-03-29,57
2016-03-30,58
2016-03-31,58
2016-04-01,58
2016-04-02,59
2016-04-03,59
2016-04-04,59
2016-04-05,60
2016-04-06,60
2016-04-07,61
2016-04-08,61
2016-04-09,61
2016-04-10,62
2016-04-11,62
2016-04-12,62
2016-04-13,63
2016-04-14,63
2016-04-15,64
2016-04-16,64
2016-04-17,64
2016-04-18,65
2016-04-19,65
2016-04-20,65
2016-04-21,66
2016-04-22,66
2016-04-23,66
2016-04-24,67
2016-04-25,67
2016-04-26,67
2016-04-27,68
2016-04-28,68
2016-04-29,68
2016-04-30,69
2016-05-01,69
2016-05-02,69
2016-05-03,69
2016-05-04,70
2016-05-05,70
2016-05-06,70
2016-05-07,71
2016-05-08,71
2016-05-09,71
2016-05-10,71
2016-05-11,72
2016-05-12,72
2016-05-13,72
2016-05-14,72
2016-05-15,73
2016-05-16,73
2016-05-17,73
2016-05-18,73
2016-05-19,73
2016-05-20,74
2016-05-21,74
2016-05-22,74
2016-05-23,74
2016-05-24,74
2016-05-25,75
2016-05-26,75
2016-05-27,75
2016-05-28,75
2016-05-29,75
2016-05-30,75
2016-05-31,76
2016-06-01,76
2016-06-02,76
2016-06-03,76
2016-06-04,76
2016-06-05,76
2016-06-06,76
2016-06-07,76
2016-06-08,77
2016-06-09,77
2016-06-10,77
2016-06-11,77
2016-06-12,77
2016-06-13,77
2016-06-14,77
2016-06-15,77
2016-06-16,77
2016-06-17,77
2016-06-18,77
2016-06-19,77
2016-06-20,77
2016-06-21,77
2016-06-22,77
2016-06-23,77
2016-06-24,77
2016-06-25,77
2016-06-26,77
2016-06-27,77
2016-06-28,77
2016-06-29,77
2016-06-30,77
2016-07-01,77
2016-07-02,77
2016-07-03,77
2016-07-04,76
2016-07-05,76
2016-07-06,76
2016-07-07,76
2016-07-08,76
2016-07-09,76
2016-07-10,76
2016-07-11,76
2016-07-12,76
2016-07-13,75
2016-07-14,75
2016-07-15,75
2016-07-16,75
2016-07-17,75
2016-07-18,75
2016-07-19,74
2016-07-20,74
2016-07-21,74
2016-07-22,74
2016-07-23,74
2016-07-24,73
2016-07-25,73
2016-07-26,73
2016-07-27,73
2016-07-28,73
2016-07-29,72
2016-07-30,72
2016-07-31,72
2016-08-01,72
2016-08-02,71
2016-08-03,71
2016-08-04,71
2016-08-05,71
2016-08-06,70
2016-08-07,70
2016-08-08,70
2016-08-09,69
2016-08-10,69
2016-08-11,69
2016-08-12,68
2016-08-13,68
2016-08-14,68
2016-08-15,68
2016-08-16,67
2016-08-17,67
2016-08-18,67
2016-08-19,66
2016-08-20,66
2016-08-21,66
2016-08-22,65
2016-08-23,65
2016-08-24,65
2016-08-25,64
2016-08-26,64
2016-08-27,64
2016-08-28,63
2016-08-29,63
2016-08-30,63
2016-08-31,62
2016-09-01,62
2016-09-02,61
2016-09-03,61
2016-09-04,61
2016-09-05,60
2016-09-06,60
2016-09-07,60
2016-09-08,59
2016-09-09,59
2016-09-10,58
2016-09-11,58
2016-09-12,58
2016-09-13,57
2016-09-14,57
2016-09-15,57
2016-09-16,56
2016-09-17,56
2016-09-18,55
2016-09-19,55
2016-09-20,55
2016-09-21,54
2016-09-22,54
2016-09-23,53
2016-09-24,53
2016-09-25,53
2016-09-26,52
2016-09-27,52
2016-09-28,51
2016-09-29,51
2016-09-30,51
2016-10-01,50
2016-10-02,50
2016-10-03,50
2016-10-04,49
2016-10-05,49
2016-10-06,48
2016-10-07,48
2016-10-08,48
2016-10-09,47
2016-10-10,47
2016-10-11,46
2016-10-12,46
2016-10-13,46
2016-10-14,45
2016-10-15,45
2016-10-16,45
2016-10-17,44
2016-10-18,44
2016-10-19,44
2016-10-20,43
2016-10-21,43
2016-10-22,42
2016-10-23,42
2016-10-24,42
2016-10-25,41
2016-10-26,41
2016-10-27,41
2016-10-28,40
2016-10-29,40
2016-10-30,40
2016-10-31,39
2016-11-01,39
2016-11-02,39
2016-11-03,38
2016-11-04,38
2016-11-05,38
2016-11-06,38
2016-11-07,37
2016-11-08,37
2016-11-09,37
2016-11-10,36
2016-11-11,36
2016-11-12,36
2016-11-13,36
2016-11-14,35
2016-11-15,35
2016-11-16,35
2016-11-17,35
2016-11-18,34
2016-11-19,34
2016-11-20,34
2016-11-21,34
2016-11-22,33
2016-11-23,33
2016-11-24,33
2016-11-25,33
2016-11-26,33
2016-11-27,32
2016-11-28,32
2016-11-29,32
2016-11-30,32
2016-12-01,32
2016-12-02,32
2016-12-03,31
2016-12-04,31
2016-12-05,31
2016-12-06,31
2016-12-07,31
2016-12-08,31
2016-12-09,31
2016-12-10,31
2016-12-11,31
2016-12-12,31
2016-12-13,30
2016-12-14,30
2016-12-15,30
2016-12-16,30
2016-12-17,30
2016-12-18,30
2016-12-19,30
2016-12-20,30
2016-12-21,30
2016-12-22,30
2016-12-23,30
2016-12-24,30
2016-12-25,30
2016-12-26,30
2016-12-27,30
2016-12-28,30
2016-12-29,30
2016-12-30,31
2016-12-31,31
2017-01-01,31
2017-01-02,31
2017-01-03,31
2017-01-04,31
2017-01-05,31
2017-01-06,31
2017-01-07,31
2017-01-08,31
2017-01-09,32
2017-01-10,32
2017-01-11,32
2017-01-12,32
2017-01-13,32
2017-01-14,32
2017-01-15,33
2017-01-16,33
2017-01-17,33
2017-01-18,33
2017-01-19,33
2017-01-20,34
2017-01-21,34
2017-01-22,34
2017-01-23,34
2017-01-24,34
2017-01-25,35
2017-01-26,35
2017-01-27,35
2017-01-28,35
2017-01-29,36
2017-01-30,36
2017-01-31,36
2017-02-01,37
2017-02-02,37
2017-02-03,37
2017-02-04,37
2017-02-05,38
2017-02-06,38
2017-02-07,38
2017-02-08,39
2017-02-09,39
2017-02-10,39
2017-02-11,40
2017-02-12,40
2017-02-13,40
2017-02-14,41
2017-02-15,41
2017-02-16,41
2017-02-17,42
2017-02-18,42
2017-02-19,42
2017-02-20,43
2017-02-21,43
2017-02-22,43
2017-02-23,44
2017-02-24,44
2017-02-25,45
2017-02-26,45
2017-02-27,45
2017-02-28,46
2017-03-01,46
2017-03-02,46
2017-03-03,47
2017-03-04,47
2017-03-05,48
2017-03-06,48
2017-03-07,48
2017-03-08,49
2017-03-09,49
2017-03-10,50
2017-03-11,50
2017-03-12,50
2017-03-13,51
2017-03-14,51
2017-03-15,52
2017-03-16,52
2017-03-17,52
2017-03-18,53
2017-03-19,53
2017-03-20,54
2017-03-21,54
2017-03-22,54
2017-03-23,55
2017-03-24,55
2017-03-25,55
2017-03-26,56
2017-03-27,56
2017-03-28,57
2017-03-29,57
2017-03-30,57
2017-03-31,58
2017-04-01,58
2017-04-02,59
2017-04-03,59
2017-04-04,59
2017-04-05,60
2017-04-06,60
2017-04-07,61
2017-04-08,61
2017-04-09,61
2017-04-10,62
2017-04-11,62
2017-04-12,62
2017-04-13,63
2017-04-14,63
2017-04-15,63
2017-04-16,64
2017-04-17,64
2017-04-18,65
2017-04-19,65
2017-04-20,65
2017-04-21,66
2017-04-22,66
2017-04-23,66
2017-04-24,67
2017-04-25,67
2017-04-26,67
2017-04-27,68
2017-04-28,68
2017-04-29,68
2017-04-30,68
2017-05-01,69
2017-05-02,69
2017-05-03,69
2017-05-04,70
2017-05-05,70
2017-05-06,70
2017-05-07,70
2017-05-08,71
2017-05-09,71
2017-05-10,71
2017-05-11,72
2017-05-12,72
2017-05-13,72
2017-05-14,72
2017-05-15,73
2017-05-16,73
2017-05-17,73
2017-05-18,73
2017-05-19,73
2017-05-20,74
2017-05-21,74
2017-05-22,74
2017-05-23,74
2017-05-24,74
2017-05-25,75
2017-05-26,75
2017-05-27,75
2017-05-28,75
2017-05-29,75
2017-05-30,75
2017-05-31,76
2017-06-01,76
2017-06-02,76
2017-06-03,76
2017-06-04,76
2017-06-05,76
2017-06-06,76
2017-06-07,76
2017-06-08,76
2017-06-09,77
2017-06-10,77
2017-06-11,77
2017-06-12,77
2017-06-13,77
2017-06-14,77
2017-06-15,77
2017-06-16,77
2017-06-17,77
2017-06-18,77
2017-06-19,77
2017-06-20,77
2017-06-21,77
2017-06-22,77
2017-06-23,77
2017-06-24,77
2017-06-25,77
2017-06-26,77
2017-06-27,77
2017-06-28,77
2017-06-29,77
2017-06-30,77
2017-07-01,77
2017-07-02,77
2017-07-03,77
2017-07-04,77
2017-07-05,76
2017-07-06,76
2017-07-07,76
2017-07-08,76
2017-07-09,76
2017-07-10,76
2017-07-11,76
2017-07-12,76
2017-07-13,75
2017-07-14,75
2017-07-15,75
2017-07-16,75
2017-07-17,75
2017-07-18,75
2017-07-19,74
2017-07-20,74
2017-07-21,74
2017-07-22,74
2017-07-23,74
2017-07-24,73
2017-07-25,73
2017-07-26,73
2017-07-27,73
2017-07-28,73
2017-07-29,72
2017-07-30,72
2017-07-31,72
2017-08-01,72
2017-08-02,71
2017-08-03,71
2017-08-04,71
2017-08-05,71
2017-08-06,70
2017-08-07,70
2017-08-08,70
2017-08-09,69
2017-08-10,69
2017-08-11,69
2017-08-12,69
2017-08-13,68
2017-08-14,68
2017-08-15,68
2017-08-16,67
2017-08-17,67
2017-08-18,67
2017-08-19,66
2017-08-20,66
2017-08-21,66
2017-08-22,65
2017-08-23,65
2017-08-24,65
2017-08-25,64
2017-08-26,64
2017-08-27,64
2017-08-28,63
2017-08-29,63
2017-08-30,63
2017-08-31,62
2017-09-01,62
2017-09-02,62
2017-09-03,61
2017-09-04,61
2017-09-05,60
2017-09-06,60
2017-09-07,60
2017-09-08,59
2017-09-09,59
2017-09-10,59
2017-09-11,58
2017-09-12,58
2017-09-13,57
2017-09-14,57
2017-09-15,57
2017-09-16,56
2017-09-17,56
2017-09-18,55
2017-09-19,55
2017-09-20,55
2017-09-21,54
2017-09-22,54
2017-09-23,54
2017-09-24,53
2017-09-25,53
2017-09-26,52
2017-09-27,52
2017-09-28,52
2017-09-29,51
2017-09-30,51
2017-10-01,50
2017-10-02,50
2017-10-03,50
2017-10-04,49
2017-10-05,49
2017-10-06,48
2017-10-07,48
2017-10-08,48
2017-10-09,47
2017-10-10,47
2017-10-11,47
2017-10-12,46
2017-10-13,46
2017-10-14,45
2017-10-15,45
2017-10-16,45
2017-10-17,44
2017-10-18,44
2017-10-19,44
2017-10-20,43
2017-10-21,43
2017-10-22,43
2017-10-23,42
2017-10-24,42
2017-10-25,42
2017-10-26,41
2017-10-27,41
2017-10-28,40
2017-10-29,40
2017-10-30,40
2017-10-31,40
2017-11-01,39
2017-11-02,39
2017-11-03,39
2017-11-04,38
2017-11-05,38
2017-11-06,38
2017-11-07,37
2017-11-08,37
2017-11-09,37
2017-11-10,36
2017-11-11,36
2017-11-12,36
2017-11-13,36
2017-11-14,35
2017-11-15,35
2017-11-16,35
2017-11-17,35
2017-11-18,34
2017-11-19,34
2017-11-20,34
2017-11-21,34
2017-11-22,33
2017-11-23,33
2017-11-24,33
2017-11-25,33
2017-11-26,33
2017-11-27,33
2017-11-28,32
2017-11-29,32
2017-11-30,32
2017-12-01,32
2017-12-02,32
2017-12-03,32
2017-12-04,31
2017-12-05,31
2017-12-06,31
2017-12-07,31
2017-12-08,31
2017-12-09,31
2017-12-10,31
2017-12-11,31
2017-12-12,31
2017-12-13,30
2017-12-14,30
2017-12-15,30
2017-12-16,30
2017-12-17,30
2017-12-18,30
2017-12-19,30
2017-12-20,30
2017-12-21,30
2017-12-22,30
2017-12-23,30
2017-12-24,30
2017-12-25,30
2017-12-26,30
2017-12-27,30
2017-12-28,30
2017-12-29,30
2017-12-30,30
2017-12-31,31
2018-01-01,31
2018-01-02,31
2018-01-03,31
2018-01-04,31
2018-01-05,31
2018-01-06,31
2018-01-07,31
2018-01-08,31
2018-01-09,32
2018-01-10,32
2018-01-11,32
2018-01-12,32
2018-01-13,32
2018-01-14,32
2018-01-15,32
2018-01-16,33
2018-01-17,33
2018-01-18,33
2018-01-19,33
2018-01-20,33
2018-01-21,34
2018-01-22,34
2018-01-23,34
2018-01-24,34
2018-01-25,35
2018-01-26,35
2018-01-27,35
2018-01-28,35
2018-01-29,36
2018-01-30,36
2018-01-31,36
2018-02-01,37
2018-02-02,37
2018-02-03,37
2018-02-04,37
2018-02-05,38
2018-02-06,38
2018-02-07,38
2018-02-08,39
2018-02-09,39
2018-02-10,39
2018-02-11,40
2018-02-12,40
2018-02-13,40
2018-02-14,41
2018-02-15,41
2018-02-16,41
2018-02-17,42
2018-02-18,42
2018-02-19,42
2018-02-20,43
2018-02-21,43
2018-02-22,43
2018-02-23,44
2018-02-24,44
2018-02-25,45
2018-02-26,45
2018-02-27,45
2018-02-28,46
2018-03-01,46
2018-03-02,46
2018-03-03,47
2018-03-04,47
2018-03-05,48
2018-03-06,48
2018-03-07,48
2018-03-08,49
2018-03-09,49
2018-03-10,49
2018-03-11,50
2018-03-12,50
2018-03-13,51
2018-03-14,51
2018-03-15,51
2018-03-16,52
2018-03-17,52
2018-03-18,53
2018-03-19,53
2018-03-20,53
2018-03-21,54
2018-03-22,54
2018-03-23,55
2018-03-24,55
2018-03-25,55
2018-03-26,56
2018-03-27,56
2018-03-28,57
2018-03-29,57
2018-03-30,57
2018-03-31,58
2018-04-01,58
2018-04-02,59
2018-04-03,59
2018-04-04,59
2018-04-05,60
2018-04-06,60
2018-04-07,60
2018-04-08,61
2018-04-09,61
2018-04-10,62
2018-04-11,62
2018-04-12,62
2018-04-13,63
2018-04-14,63
2018-04-15,63
2018-04-16,64
2018-04-17,64
2018-04-18,64
2018-04-19,65
2018-04-20,65
2018-04-21,65
2018-04-22,66
2018-04-23,66
2018-04-24,66
2018-04-25,67
2018-04-26,67
2018-04-27,67
2018-04-28,68
2018-04-29,68
2018-04-30,68
2018-05-01,69
2018-05-02,69
2018-05-03,69
2018-05-04,70
2018-05-05,70
2018-05-06,70
2018-05-07,70
2018-05-08,71
2018-05-09,71
2018-05-10,71
2018-05-11,71
2018-05-12,72
2018-05-13,72
2018-05-14,72
2018-05-15,72
2018-05-16,73
2018-05-17,73
2018-05-18,73
2018-05-19,73
2018-05-20,74
2018-05-21,74
2018-05-22,74
2018-05-23,74
2018-05-24,74
2018-05-25,75
2018-05-26,75
2018-05-27,75
2018-05-28,75
2018-05-29,75
2018-05-30,75
2018-05-31,76
2018-06-01,76
2018-06-02,76
2018-06-03,76
2018-06-04,76
2018-06-05,76
2018-06-06,76
2018-06-07,76
2018-06-08,76
2018-06-09,77
2018-06-10,77
2018-06-11,77
2018-06-12,77
2018-06-13,77
2018-06-14,77
2018-06-15,77
2018-06-16,77
2018-06-17,77
2018-06-18,77
2018-06-19,77
2018-06-20,77
2018-06-21,77
2018-06-22,77
2018-06-23,77
2018-06-24,77
2018-06-25,77
2018-06-26,77
2018-06-27,77
2018-06-28,77
2018-06-29,77
2018-06-30,77
2018-07-01,77
2018-07-02,77
2018-07-03,77
2018-07-04,77
2018-07-05,76
2018-07-06,76
2018-07-07,76
2018-07-08,76
2018-07-09,76
2018-07-10,76
2018-07-11,76
2018-07-12,76
2018-07-13,75
2018-07-14,75
2018-07-15,75
2018-07-16,75
2018-07-17,75
2018-07-18,75
2018-07-19,74
2018-07-20,74
2018-07-21,74
2018-07-22,74
2018-07-23,74
2018-07-24,74
2018-07-25,73
2018-07-26,73
2018-07-27,73
2018-07-28,73
2018-07-29,72
2018-07-30,72
2018-07-31,72
2018-08-01,72
2018-08-02,71
2018-08-03,71
2018-08-04,71
2018-08-05,71
2018-08-06,70
2018-08-07,70
2018-08-08,70
2018-08-09,70
2018-08-10,69
2018-08-11,69
2018-08-12,69
2018-08-13,68
2018-08-14,68
2018-08-15,68
2018-08-16,67
2018-08-17,67
2018-08-18,67
2018-08-19,66
2018-08-20,66
2018-08-21,66
2018-08-22,65
2018-08-23,65
2018-08-24,65
2018-08-25,64
2018-08-26,64
2018-08-27,64
2018-08-28,63
2018-08-29,63
2018-08-30,63
2018-08-31,62
2018-09-01,62
2018-09-02,62
2018-09-03,61
2018-09-04,61
2018-09-05,60
2018-09-06,60
2018-09-07,60
2018-09-08,59
2018-09-09,59
2018-09-10,59
2018-09-11,58
2018-09-12,58
2018-09-13,57
2018-09-14,57
2018-09-15,57
2018-09-16,56
2018-09-17,56
2018-09-18,56
2018-09-19,55
2018-09-20,55
2018-09-21,54
2018-09-22,54
2018-09-23,54
2018-09-24,53
2018-09-25,53
2018-09-26,52
2018-09-27,52
2018-09-28,52
2018-09-29,51
2018-09-30,51
2018-10-01,51
2018-10-02,50
2018-10-03,50
2018-10-04,49
2018-10-05,49
2018-10-06,49
2018-10-07,48
2018-10-08,48
2018-10-09,47
2018-10-10,47
2018-10-11,47
2018-10-12,46
2018-10-13,46
2018-10-14,46
2018-10-15,45
2018-10-16,45
2018-10-17,44
2018-10-18,44
2018-10-19,44
2018-10-20,43
2018-10-21,43
2018-10-22,43
2018-10-23,42
2018-10-24,42
2018-10-25,42
2018-10-26,41
2018-10-27,41
2018-10-28,41
2018-10-29,40
2018-10-30,40
2018-10-31,40
2018-11-01,39
2018-11-02,39
2018-11-03,39
2018-11-04,38
2018-11-05,38
2018-11-06,38
2018-11-07,37
2018-11-08,37
2018-11-09,37
2018-11-10,37
2018-11-11,36
2018-11-12,36
2018-11-13,36
2018-11-14,35
2018-11-15,35
2018-11-16,35
2018-11-17,35
2018-11-18,34
2018-11-19,34
2018-11-20,34
2018-11-21,34
2018-11-22,34
2018-11-23,33
2018-11-24,33
2018-11-25,33
2018-11-26,33
2018-11-27,33
2018-11-28,32
2018-11-29,32
2018-11-30,32
2018-12-01,32
2018-12-02,32
2018-12-03,32
2018-12-04,31
2018-12-05,31
2018-12-06,31
2018-12-07,31
2018-12-08,31
2018-12-09,31
2018-12-10,31
2018-12-11,31
2018-12-12,31
2018-12-13,31
2018-12-14,30
2018-12-15,30
2018-12-16,30
2018-12-17,30
2018-12-18,30
2018-12-19,30
2018-12-20,30
2018-12-21,30
2018-12-22,30
2018-12-23,30
2018-12-24,30
2018-12-25,30
2018-12-26,30
2018-12-27,30
2018-12-28,30
2018-12-29,30
2018-12-30,30
2018-12-31,31
2019-01-01,31
2019-01-02,31
2019-01-03,31
2019-01-04,31
2019-01-05,31
2019-01-06,31
2019-01-07,31
2019-01-08,31
2019-01-09,31
2019-01-10,32
2019-01-11,32
2019-01-12,32
2019-01-13,32
2019-01-14,32
2019-01-15,32
2019-01-16,33
2019-01-17,33
2019-01-18,33
2019-01-19,33
2019-01-20,33
2019-01-21,34
2019-01-22,34
2019-01-23,34
2019-01-24,34
2019-01-25,35
2019-01-26,35
2019-01-27,35
2019-01-28,35
2019-01-29,36
2019-01-30,36
2019-01-31,36
2019-02-01,36
2019-02-02,37
2019-02-03,37
2019-02-04,37
2019-02-05,38
2019-02-06,38
2019-02-07,38
2019-02-08,39
2019-02-09,39
2019-02-10,39
2019-02-11,39
2019-02-12,40
2019-02-13,40
2019-02-14,40
2019-02-15,41
2019-02-16,41
2019-02-17,42
2019-02-18,42
2019-02-19,42
2019-02-20,43
2019-02-21,43
2019-02-22,43
2019-02-23,44
2019-02-24,44
2019-02-25,44
2019-02-26,45
2019-02-27,45
2019-02-28,46
2019-03-01,46
2019-03-02,46
2019-03-03,47
2019-03-04,47
2019-03-05,47
2019-03-06,48
2019-03-07,48
2019-03-08,49
2019-03-09,49
2019-03-10,49
2019-03-11,50
2019-03-12,50
2019-03-13,51
2019-03-14,51
2019-03-15,51
2019-03-16,52
2019-03-17,52
2019-03-18,53
2019-03-19,53
2019-03-20,53
2019-03-21,54
2019-03-22,54
2019-03-23,55
2019-03-24,55
2019-03-25,55
2019-03-26,56
2019-03-27,56
2019-03-28,56
2019-03-29,57
2019-03-30,57
2019-03-31,58
2019-04-01,58
2019-04-02,58
2019-04-03,59
2019-04-04,59
2019-04-05,60
2019-04-06,60
2019-04-07,60
2019-04-08,61
2019-04-09,61
2019-04-10,61
2019-04-11,62
2019-04-12,62
2019-04-13,63
2019-04-14,63
2019-04-15,63
2019-04-16,64
2019-04-17,64
2019-04-18,64
2019-04-19,65
2019-04-20,65
2019-04-21,65
2019-04-22,66
2019-04-23,66
2019-04-24,66
2019-04-25,67
2019-04-26,67
2019-04-27,67
2019-04-28,68
2019-04-29,68
2019-04-30,68
2019-05-01,69
2019-05-02,69
2019-05-03,69
2019-05-04,69
2019-05-05,70
2019-05-06,70
2019-05-07,70
2019-05-08,71
2019-05-09,71
2019-05-10,71
2019-05-11,71
2019-05-12,72
2019-05-13,72
2019-05-14,72
2019-05-15,72
2019-05-16,73
2019-05-17,73
2019-05-18,73
2019-05-19,73
2019-05-20,74
2019-05-21,74
2019-05-22,74
2019-05-23,74
2019-05-24,74
2019-05-25,75
2019-05-26,75
2019-05-27,75
2019-05-28,75
2019-05-29,75
2019-05-30,75
2019-05-31,75
2019-06-01,76
2019-06-02,76
2019-06-03,76
2019-06-04,76
2019-06-05,76
2019-06-06,76
2019-06-07,76
2019-06-08,76
2019-06-09,77
2019-06-10,77
2019-06-11,77
2019-06-12,77
2019-06-13,77
2019-06-14,77
2019-06-15,77
2019-06-16,77
2019-06-17,77
2019-06-18,77
2019-06-19,77
2019-06-20,77
2019-06-21,77
2019-06-22,77
2019-06-23,77
2019-06-24,77
2019-06-25,77
2019-06-26,77
2019-06-27,77
2019-06-28,77
2019-06-29,77
2019-06-30,77
2019-07-01,77
2019-07-02,77
2019-07-03,77
2019-07-04,77
2019-07-05,76
2019-07-06,76
2019-07-07,76
2019-07-08,76
2019-07-09,76
2019-07-10,76
2019-07-11,76
2019-07-12,76
2019-07-13,76
2019-07-14,75
2019-07-15,75
2019-07-16,75
2019-07-17,75
2019-07-18,75
2019-07-19,75
2019-07-20,74
2019-07-21,74
2019-07-22,74
2019-07-23,74
2019-07-24,74
2019-07-25,73
2019-07-26,73
2019-07-27,73
2019-07-28,73
2019-07-29,72
2019-07-30,72
2019-07-31,72
2019-08-01,72
2019-08-02,71
2019-08-03,71
2019-08-04,71
2019-08-05,71
2019-08-06,70
2019-08-07,70
2019-08-08,70
2019-08-09,70
2019-08-10,69
2019-08-11,69
2019-08-12,69
2019-08-13,68
2019-08-14,68
2019-08-15,68
2019-08-16,67
2019-08-17,67
2019-08-18,67
2019-08-19,67
2019-08-20,66
2019-08-21,66
2019-08-22,66
2019-08-23,65
2019-08-24,65
2019-08-25,65
2019-08-26,64
2019-08-27,64
2019-08-28,63
2019-08-29,63
2019-08-30,63
2019-08-31,62
2019-09-01,62
2019-09-02,62
2019-09-03,61
2019-09-04,61
2019-09-05,61
2019-09-06,60
2019-09-07,60
2019-09-08,59
2019-09-09,59
2019-09-10,59
2019-09-11,58
2019-09-12,58
2019-09-13,58
2019-09-14,57
2019-09-15,57
2019-09-16,56
2019-09-17,56
2019-09-18,56
2019-09-19,55
2019-09-20,55
2019-09-21,54
2019-09-22,54
2019-09-23,54
2019-09-24,53
2019-09-25,53
2019-09-26,53
2019-09-27,52
2019-09-28,52
2019-09-29,51
2019-09-30,51
2019-10-01,51
2019-10-02,50
2019-10-03,50
2019-10-04,49
2019-10-05,49
2019-10-06,49
2019-10-07,48
2019-10-08,48
2019-10-09,48
2019-10-10,47
2019-10-11,47
2019-10-12,46
2019-10-13,46
2019-10-14,46
2019-10-15,45
2019-10-16,45
2019-10-17,45
2019-10-18,44
2019-10-19,44
2019-10-20,43
2019-10-21,43
2019-10-22,43
2019-10-23,42
2019-10-24,42
2019-10-25,42
2019-10-26,41
2019-10-27,41
2019-10-28,41
2019-10-29,40
2019-10-30,40
2019-10-31,40
2019-11-01,39
2019-11-02,39
2019-11-03,39
2019-11-04,38
2019-11-05,38
2019-11-06,38
2019-11-07,37
2019-11-08,37
2019-11-09,37
2019-11-10,37
2019-11-11,36
2019-11-12,36
2019-11-13,36
2019-11-14,36
2019-11-15,35
2019-11-16,35
2019-11-17,35
2019-11-18,35
2019-11-19,34
2019-11-20,34
2019-11-21,34
2019-11-22,34
2019-11-23,33
2019-11-24,33
2019-11-25,33
2019-11-26,33
2019-11-27,33
2019-11-28,32
2019-11-29,32
2019-11-30,32
2019-12-01,32
2019-12-02,32
2019-12-03,32
2019-12-04,31
2019-12-05,31
2019-12-06,31
2019-12-07,31
2019-12-08,31
2019-12-09,31
2019-12-10,31
2019-12-11,31
2019-12-12,31
2019-12-13,31
2019-12-14,30
2019-12-15,30
2019-12-16,30
2019-12-17,30
2019-12-18,30
2019-12-19,30
2019-12-20,30
2019-12-21,30
2019-12-22,30
2019-12-23,30
2019-12-24,30
2019-12-25,30
2019-12-26,30
2019-12-27,30
2019-12-28,30
2019-12-29,30
2019-12-30,30
2019-12-31,31
2020-01-01,31
2020-01-02,31
2020-01-03,31
2020-01-04,31
2020-01-05,31
2020-01-06,31
2020-01-07,31
2020-01-08,31
2020-01-09,31
2020-01-10,32
2020-01-11,32
2020-01-12,32
2020-01-13,32
2020-01-14,32
2020-01-15,32
2020-01-16,33
2020-01-17,33
2020-01-18,33
2020-01-19,33
2020-01-20,33
2020-01-21,34
2020-01-22,34
2020-01-23,34
2020-01-24,34
2020-01-25,35
2020-01-26,35
2020-01-27,35
2020-01-28,35
2020-01-29,36
2020-01-30,36
2020-01-31,36
2020-02-01,36
2020-02-02,37
2020-02-03,37
2020-02-04,37
2020-02-05,38
2020-02-06,38
2020-02-07,38
2020-02-08,38
2020-02-09,39
2020-02-10,39
2020-02-11,39
2020-02-12,40
2020-02-13,40
2020-02-14,40
2020-02-15,41
2020-02-16,41
2020-02-17,41
2020-02-18,42
2020-02-19,42
2020-02-20,43
2020-02-21,43
2020-02-22,43
2020-02-23,44
2020-02-24,44
2020-02-25,44
2020-02-26,45
2020-02-27,45
2020-02-28,45
2020-02-29,46
2020-03-01,46
2020-03-02,47
2020-03-03,47
2020-03-04,47
2020-03-05,48
2020-03-06,48
2020-03-07,49
2020-03-08,49
2020-03-09,49
2020-03-10,50
2020-03-11,50
2020-03-12,50
2020-03-13,51
2020-03-14,51
2020-03-15,52
2020-03-16,52
2020-03-17,52
2020-03-18,53
2020-03-19,53
2020-03-20,54
2020-03-21,54
2020-03-22,54
2020-03-23,55
2020-03-24,55
2020-03-25,56
2020-03-26,56
2020-03-27,56
2020-03-28,57
2020-03-29,57
2020-03-30,58
2020-03-31,58
2020-04-01,58
2020-04-02,59
2020-04-03,59
2020-04-04,59
2020-04-05,60
2020-04-06,60
2020-04-07,61
2020-04-08,61
2020-04-09,61
2020-04-10,62
2020-04-11,62
2020-04-12,62
2020-04-13,63
2020-04-14,63
2020-04-15,64
2020-04-16,64
2020-04-17,64
2020-04-18,65
2020-04-19,65
2020-04-20,65
2020-04-21,66
2020-04-22,66
2020-04-23,66
2020-04-24,67
2020-04-25,67
2020-04-26,67
2020-04-27,68
2020-04-28,68
2020-04-29,68
2020-04-30,69
2020-05-01,69
2020-05-02,69
2020-05-03,69
2020-05-04,70
2020-05-05,70
2020-05-06,70
2020-05-07,71
2020-05-08,71
2020-05-09,71
2020-05-10,71
2020-05-11,72
2020-05-12,72
2020-05-13,72
2020-05-14,72
2020-05-15,73
2020-05-16,73
2020-05-17,73
2020-05-18,73
2020-05-19,73
2020-05-20,74
2020-05-21,74
2020-05-22,74
2020-05-23,74
2020-05-24,74
2020-05-25,75
2020-05-26,75
2020-05-27,75
2020-05-28,75
2020-05-29,75
2020-05-30,75
2020-05-31,76
2020-06-01,76
2020-06-02,76
2020-06-03,76
2020-06-04,76
2020-06-05,76
2020-06-06,76
2020-06-07,76
2020-06-08,77
2020-06-09,77
2020-06-10,77
2020-06-11,77
2020-06-12,77
2020-06-13,77
2020-06-14,77
2020-06-15,77
2020-06-16,77
2020-06-17,77
2020-06-18,77
2020-06-19,77
2020-06-20,77
2020-06-21,77
2020-06-22,77
2020-06-23,77
2020-06-24,77
2020-06-25,77
2020-06-26,77
2020-06-27,77
2020-06-28,77
2020-06-29,77
2020-06-30,77
2020-07-01,77
2020-07-02,77
2020-07-03,77
2020-07-04,76
2020-07-05,76
2020-07-06,76
2020-07-07,76
2020-07-08,76
2020-07-09,76
2020-07-10,76
2020-07-11,76
2020-07-12,76
2020-07-13,75
2020-07-14,75
2020-07-15,75
2020-07-16,75
2020-07-17,75
2020-07-18,75
2020-07-19,74
2020-07-20,74
2020-07-21,74
2020-07-22,74
2020-07-23,74
2020-07-24,73
2020-07-25,73
2020-07-26,73
2020-07-27,73
2020-07-28,73
2020-07-29,72
2020-07-30,72
2020-07-31,72
2020-08-01,72
2020-08-02,71
2020-08-03,71
2020-08-04,71
2020-08-05,70
2020-08-06,70
2020-08-07,70
2020-08-08,70
2020-08-09,69
2020-08-10,69
2020-08-11,69
2020-08-12,68
2020-08-13,68
2020-08-14,68
2020-08-15,68
2020-08-16,67
2020-08-17,67
2020-08-18,67
2020-08-19,66
2020-08-20,66
2020-08-21,66
2020-08-22,65
2020-08-23,65
2020-08-24,65
2020-08-25,64
2020-08-26,64
2020-08-27,64
2020-08-28,63
2020-08-29,63
2020-08-30,62
2020-08-31,62
2020-09-01,62
2020-09-02,61
2020-09-03,61
2020-09-04,61
2020-09-05,60
2020-09-06,60
2020-09-07,60
2020-09-08,59
2020-09-09,59
2020-09-10,58
2020-09-11,58
2020-09-12,58
2020-09-13,57
2020-09-14,57
2020-09-15,57
2020-09-16,56
2020-09-17,56
2020-09-18,55
2020-09-19,55
2020-09-20,55
2020-09-21,54
2020-09-22,54
2020-09-23,53
2020-09-24,53
2020-09-25,53
2020-09-26,52
2020-09-27,52
2020-09-28,51
2020-09-29,51
2020-09-30,51
2020-10-01,50
2020-10-02,50
2020-10-03,50
2020-10-04,49
2020-10-05,49
2020-10-06,48
2020-10-07,48
2020-10-08,48
2020-10-09,47
2020-10-10,47
2020-10-11,46
2020-10-12,46
2020-10-13,46
2020-10-14,45
2020-10-15,45
2020-10-16,45
2020-10-17,44
2020-10-18,44
2020-10-19,44
2020-10-20,43
2020-10-21,43
2020-10-22,42
2020-10-23,42
2020-10-24,42
2020-10-25,41
2020-10-26,41
2020-10-27,41
2020-10-28,40
2020-10-29,40
2020-10-30,40
2020-10-31,39
2020-11-01,39
2020-11-02,39
2020-11-03,38
2020-11-04,38
2020-11-05,38
2020-11-06,38
2020-11-07,37
2020-11-08,37
2020-11-09,37
2020-11-10,36
2020-11-11,36
2020-11-12,36
2020-11-13,36
2020-11-14,35
2020-11-15,35
2020-11-16,35
2020-11-17,35
2020-11-18,34
2020-11-19,34
2020-11-20,34
2020-11-21,34
2020-11-22,33
2020-11-23,33
2020-11-24,33
2020-11-25,33
2020-11-26,33
2020-11-27,32
2020-11-28,32
2020-11-29,32
2020-11-30,32
2020-12-01,32
2020-12-02,32
2020-12-03,31
2020-12-04,31
2020-12-05,31
2020-12-06,31
2020-12-07,31
2020-12-08,31
2020-12-09,31
2020-12-10,31
2020-12-11,31
2020-12-12,31
2020-12-13,30
2020-12-14,30
2020-12-15,30
2020-12-16,30
2020-12-17,30
2020-12-18,30
2020-12-19,30
2020-12-20,30
2020-12-21,30
2020-12-22,30
2020-12-23,30
2020-12-24,30
2020-12-25,30
2020-12-26,30
2020-12-27,30
2020-12-28,30
2020-12-29,30
2020-12-30,30
2020-12-31,31
2021-01-01,31
2021-01-02,31
2021-01-03,31
2021-01-04,31
2021-01-05,31
2021-01-06,31
2021-01-07,31
2021-01-08,31
2021-01-09,32
2021-01-10,32
2021-01-11,32
2021-01-12,32
2021-01-13,32
2021-01-14,32
2021-01-15,33
2021-01-16,33
2021-01-17,33
2021-01-18,33
2021-01-19,33
2021-01-20,34
2021-01-21,34
2021-01-22,34
2021-01-23,34
2021-01-24,34
2021-01-25,35
2021-01-26,35
2021-01-27,35
2021-01-28,35
2021-01-29,36
2021-01-30,36
2021-01-31,36
2021-02-01,37
2021-02-02,37
2021-02-03,37
2021-02-04,37
2021-02-05,38
2021-02-06,38
2021-02-07,38
2021-02-08,39
2021-02-09,39
2021-02-10,39
2021-02-11,40
2021-02-12,40
2021-02-13,40
2021-02-14,41
2021-02-15,41
2021-02-16,41
2021-02-17,42
2021-02-18,42
2021-02-19,42
2021-02-20,43
2021-02-21,43
2021-02-22,43
2021-02-23,44
2021-02-24,44
2021-02-25,45
2021-02-26,45
2021-02-27,45
2021-02-28,46
2021-03-01,46
2021-03-02,46
2021-03-03,47
2021-03-04,47
2021-03-05,48
2021-03-06,48
2021-03-07,48
2021-03-08,49
2021-03-09,49
2021-03-10,50
2021-03-11,50
2021-03-12,50
2021-03-13,51
2021-03-14,51
2021-03-15,52
2021-03-16,52
2021-03-17,52
2021-03-18,53
2021-03-19,53
2021-03-20,54
2021-03-21,54
2021-03-22,54
2021-03-23,55
2021-03-24,55
2021-03-25,56
2021-03-26,56
2021-03-27,56
2021-03-28,57
2021-03-29,57
2021-03-30,57
2021-03-31,58
2021-04-01,58
2021-04-02,59
2021-04-03,59
2021-04-04,59
2021-04-05,60
2021-04-06,60
2021-04-07,61
2021-04-08,61
2021-04-09,61
2021-04-10,62
2021-04-11,62
2021-04-12,62
2021-04-13,63
2021-04-14,63
2021-04-15,63
2021-04-16,64
2021-04-17,64
2021-04-18,65
2021-04-19,65
2021-04-20,65
2021-04-21,66
2021-04-22,66
2021-04-23,66
2021-04-24,67
2021-04-25,67
2021-04-26,67
2021-04-27,68
2021-04-28,68
2021-04-29,68
2021-04-30,68
2021-05-01,69
2021-05-02,69
2021-05-03,69
2021-05-04,70
2021-05-05,70
2021-05-06,70
2021-05-07,70
2021-05-08,71
2021-05-09,71
2021-05-10,71
2021-05-11,72
2021-05-12,72
2021-05-13,72
2021-05-14,72
2021-05-15,73
2021-05-16,73
2021-05-17,73
2021-05-18,73
2021-05-19,73
2021-05-20,74
2021-05-21,74
2021-05-22,74
2021-05-23,74
2021-05-24,74
2021-05-25,75
2021-05-26,75
2021-05-27,75
2021-05-28,75
2021-05-29,75
2021-05-30,75
2021-05-31,76
2021-06-01,76
2021-06-02,76
2021-06-03,76
2021-06-04,76
2021-06-05,76
2021-06-06,76
2021-06-07,76
2021-06-08,76
2021-06-09,77
2021-06-10,77
2021-06-11,77
2021-06-12,77
2021-06-13,77
2021-06-14,77
2021-06-15,77
2021-06-16,77
2021-06-17,77
2021-06-18,77
2021-06-19,77
2021-06-20,77
2021-06-21,77
2021-06-22,77
2021-06-23,77
2021-06-24,77
2021-06-25,77
2021-06-26,77
2021-06-27,77
2021-06-28,77
2021-06-29,77
2021-06-30,77
2021-07-01,77
2021-07-02,77
2021-07-03,77
2021-07-04,76
2021-07-05,76
2021-07-06,76
2021-07-07,76
2021-07-08,76
2021-07-09,76
2021-07-10,76
2021-07-11,76
2021-07-12,76
2021-07-13,75
2021-07-14,75
2021-07-15,75
2021-07-16,75
2021-07-17,75
2021-07-18,75
2021-07-19,74
2021-07-20,74
2021-07-21,74
2021-07-22,74
2021-07-23,74
2021-07-24,73
2021-07-25,73
2021-07-26,73
2021-07-27,73
2021-07-28,73
2021-07-29,72
2021-07-30,72
2021-07-31,72
2021-08-01,72
2021-08-02,71
2021-08-03,71
2021-08-04,71
2021-08-05,71
2021-08-06,70
2021-08-07,70
2021-08-08,70
2021-08-09,69
2021-08-10,69
2021-08-11,69
2021-08-12,69
2021-08-13,68
2021-08-14,68
2021-08-15,68
2021-08-16,67
2021-08-17,67
2021-08-18,67
2021-08-19,66
2021-08-20,66
2021-08-21,66
2021-08-22,65
2021-08-23,65
2021-08-24,65
2021-08-25,64
2021-08-26,64
2021-08-27,64
2021-08-28,63
2021-08-29,63
2021-08-30,63
2021-08-31,62
2021-09-01,62
2021-09-02,61
2021-09-03,61
2021-09-04,61
2021-09-05,60
2021-09-06,60
2021-09-07,60
2021-09-08,59
2021-09-09,59
2021-09-10,59
2021-09-11,58
2021-09-12,58
2021-09-13,57
2021-09-14,57
2021-09-15,57
2021-09-16,56
2021-09-17,56
2021-09-18,55
2021-09-19,55
2021-09-20,55
2021-09-21,54
2021-09-22,54
2021-09-23,54
2021-09-24,53
2021-09-25,53
2021-09-26,52
2021-09-27,52
2021-09-28,52
2021-09-29,51
2021-09-30,51
2021-10-01,50
2021-10-02,50
2021-10-03,50
2021-10-04,49
2021-10-05,49
2021-10-06,48
2021-10-07,48
2021-10-08,48
2021-10-09,47
2021-10-10,47
2021-10-11,47
2021-10-12,46
2021-10-13,46
2021-10-14,45
2021-10-15,45
2021-10-16,45
2021-10-17,44
2021-10-18,44
2021-10-19,44
2021-10-20,43
2021-10-21,43
2021-10-22,43
2021-10-23,42
2021-10-24,42
2021-10-25,41
2021-10-26,41
2021-10-27,41
2021-10-28,40
2021-10-29,40
2021-10-30,40
2021-10-31,39
2021-11-01,39
2021-11-02,39
2021-11-03,39
2021-11-04,38
2021-11-05,38
2021-11-06,38
2021-11-07,37
2021-11-08,37
2021-11-09,37
2021-11-10,36
2021-11-11,36
2021-11-12,36
2021-11-13,36
2021-11-14,35
2021-11-15,35
2021-11-16,35
2021-11-17,35
2021-11-18,34
2021-11-19,34
2021-11-20,34
2021-11-21,34
2021-11-22,33
2021-11-23,33
2021-11-24,33
2021-11-25,33
2021-11-26,33
2021-11-27,32
2021-11-28,32
2021-11-29,32
2021-11-30,32
2021-12-01,32
2021-12-02,32
2021-12-03,32
2021-12-04,31
2021-12-05,31
2021-12-06,31
2021-12-07,31
2021-12-08,31
2021-12-09,31
2021-12-10,31
2021-12-11,31
2021-12-12,31
2021-12-13,30
2021-12-14,30
2021-12-15,30
2021-12-16,30
2021-12-17,30
2021-12-18,30
2021-12-19,30
2021-12-20,30
2021-12-21,30
2021-12-22,30
2021-12-23,30
2021-12-24,30
2021-12-25,30
2021-12-26,30
2021-12-27,30
2021-12-28,30
2021-12-29,30
2021-12-30,30
2021-12-31,31
2022-01-01,31
2022-01-02,31
2022-01-03,31
2022-01-04,31
2022-01-05,31
2022-01-06,31
2022-01-07,31
2022-01-08,31
2022-01-09,32
2022-01-10,32
2022-01-11,32
2022-01-12,32
2022-01-13,32
2022-01-14,32
2022-01-15,32
2022-01-16,33
2022-01-17,33
2022-01-18,33
2022-01-19,33
2022-01-20,33
2022-01-21,34
2022-01-22,34
2022-01-23,34
2022-01-24,34
2022-01-25,35
2022-01-26,35
2022-01-27,35
2022-01-28,35
2022-01-29,36
2022-01-30,36
2022-01-31,36
2022-02-01,37
2022-02-02,37
2022-02-03,37
2022-02-04,37
2022-02-05,38
2022-02-06,38
2022-02-07,38
2022-02-08,39
2022-02-09,39
2022-02-10,39
2022-02-11,40
2022-02-12,40
2022-02-13,40
2022-02-14,41
2022-02-15,41
2022-02-16,41
2022-02-17,42
2022-02-18,42
2022-02-19,42
2022-02-20,43
2022-02-21,43
2022-02-22,43
2022-02-23,44
2022-02-24,44
2022-02-25,45
2022-02-26,45
2022-02-27,45
2022-02-28,46
2022-03-01,46
2022-03-02,46
2022-03-03,47
2022-03-04,47
2022-03-05,48
2022-03-06,48
2022-03-07,48
2022-03-08,49
2022-03-09,49
2022-03-10,49
2022-03-11,50
2022-03-12,50
2022-03-13,51
2022-03-14,51
2022-03-15,51
2022-03-16,52
2022-03-17,52
2022-03-18,53
2022-03-19,53
2022-03-20,53
2022-03-21,54
2022-03-22,54
2022-03-23,55
2022-03-24,55
2022-03-25,55
2022-03-26,56
2022-03-27,56
2022-03-28,57
2022-03-29,57
2022-03-30,57
2022-03-31,58
2022-04-01,58
2022-04-02,59
2022-04-03,59
2022-04-04,59
2022-04-05,60
2022-04-06,60
2022-04-07,60
2022-04-08,61
2022-04-09,61
2022-04-10,62
2022-04-11,62
2022-04-12,62
2022-04-13,63
2022-04-14,63
2022-04-15,63
2022-04-16,64
2022-04-17,64
2022-04-18,64
2022-04-19,65
2022-04-20,65
2022-04-21,65
2022-04-22,66
2022-04-23,66
2022-04-24,66
2022-04-25,67
2022-04-26,67
2022-04-27,67
2022-04-28,68
2022-04-29,68
2022-04-30,68
2022-05-01,69
2022-05-02,69
2022-05-03,69
2022-05-04,70
2022-05-05,70
2022-05-06,70
2022-05-07,70
2022-05-08,71
2022-05-09,71
2022-05-10,71
2022-05-11,71
2022-05-12,72
2022-05-13,72
2022-05-14,72
2022-05-15,72
2022-05-16,73
2022-05-17,73
2022-05-18,73
2022-05-19,73
2022-05-20,74
2022-05-21,74
2022-05-22,74
2022-05-23,74
2022-05-24,74
2022-05-25,75
2022-05-26,75
2022-05-27,75
2022-05-28,75
2022-05-29,75
2022-05-30,75
2022-05-31,76
2022-06-01,76
2022-06-02,76
2022-06-03,76
2022-06-04,76
2022-06-05,76
2022-06-06,76
2022-06-07,76
2022-06-08,76
2022-06-09,77
2022-06-10,77
2022-06-11,77
2022-06-12,77
2022-06-13,77
2022-06-14,77
2022-06-15,77
2022-06-16,77
2022-06-17,77
2022-06-18,77
2022-06-19,77
2022-06-20,77
2022-06-21,77
2022-06-22,77
2022-06-23,77
2022-06-24,77
2022-06-25,77
2022-06-26,77
2022-06-27,77
2022-06-28,77
2022-06-29,77
2022-06-30,77
2022-07-01,77
2022-07-02,77
2022-07-03,77
2022-07-04,77
2022-07-05,76
2022-07-06,76
2022-07-07,76
2022-07-08,76
2022-07-09,76
2022-07-10,76
2022-07-11,76
2022-07-12,76
2022-07-13,75
2022-07-14,75
2022-07-15,75
2022-07-16,75
2022-07-17,75
2022-07-18,75
2022-07-19,74
2022-07-20,74
2022-07-21,74
2022-07-22,74
2022-07-23,74
2022-07-24,74
2022-07-25,73
2022-07-26,73
2022-07-27,73
2022-07-28,73
2022-07-29,72
2022-07-30,72
2022-07-31,72
2022-08-01,72
2022-08-02,71
2022-08-03,71
2022-08-04,71
2022-08-05,71
2022-08-06,70
2022-08-07,70
2022-08-08,70
2022-08-09,70
2022-08-10,69
2022-08-11,69
2022-08-12,69
2022-08-13,68
2022-08-14,68
2022-08-15,68
2022-08-16,67
2022-08-17,67
2022-08-18,67
2022-08-19,66
2022-08-20,66
2022-08-21,66
2022-08-22,65
2022-08-23,65
2022-08-24,65
2022-08-25,64
2022-08-26,64
2022-08-27,64
2022-08-28,63
2022-08-29,63
2022-08-30,63
2022-08-31,62
2022-09-01,62
2022-09-02,62
2022-09-03,61
2022-09-04,61
2022-09-05,60
2022-09-06,60
2022-09-07,60
2022-09-08,59
2022-09-09,59
2022-09-10,59
2022-09-11,58
2022-09-12,58
2022-09-13,57
2022-09-14,57
2022-09-15,57
2022-09-16,56
2022-09-17,56
2022-09-18,56
2022-09-19,55
2022-09-20,55
2022-09-21,54
2022-09-22,54
2022-09-23,54
2022-09-24,53
2022-09-25,53
2022-09-26,52
2022-09-27,52
2022-09-28,52
2022-09-29,51
2022-09-30,51
2022-10-01,50
2022-10-02,50
2022-10-03,50
2022-10-04,49
2022-10-05,49
2022-10-06,49
2022-10-07,48
2022-10-08,48
2022-10-09,47
2022-10-10,47
2022-10-11,47
2022-10-12,46
2022-10-13,46
2022-10-14,46
2022-10-15,45
2022-10-16,45
2022-10-17,44
2022-10-18,44
2022-10-19,44
2022-10-20,43
2022-10-21,43
2022-10-22,43
2022-10-23,42
2022-10-24,42
2022-10-25,42
2022-10-26,41
2022-10-27,41
2022-10-28,41
2022-10-29,40
2022-10-30,40
2022-10-31,40
2022-11-01,39
2022-11-02,39
2022-11-03,39
2022-11-04,38
2022-11-05,38
2022-11-06,38
2022-11-07,37
2022-11-08,37
2022-11-09,37
2022-11-10,37
2022-11-11,36
2022-11-12,36
2022-11-13,36
2022-11-14,35
2022-11-15,35
2022-11-16,35
2022-11-17,35
2022-11-18,34
2022-11-19,34
2022-11-20,34
2022-11-21,34
2022-11-22,34
2022-11-23,33
2022-11-24,33
2022-11-25,33
2022-11-26,33
2022-11-27,33
2022-11-28,32
2022-11-29,32
2022-11-30,32
2022-12-01,32
2022-12-02,32
2022-12-03,32
2022-12-04,31
2022-12-05,31
2022-12-06,31
2022-12-07,31
2022-12-08,31
2022-12-09,31
2022-12-10,31
2022-12-11,31
2022-12-12,31
2022-12-13,30
2022-12-14,30
2022-12-15,30
2022-12-16,30
2022-12-17,30
2022-12-18,30
2022-12-19,30
2022-12-20,30
2022-12-21,30
2022-12-22,30
2022-12-23,30
2022-12-24,30
2022-12-25,30
2022-12-26,30
2022-12-27,30
2022-12-28,30
2022-12-29,30
2022-12-30,30
2022-12-31,31
